/*
Navicat MySQL Data Transfer

Source Server         : localhost
Source Server Version : 50717
Source Host           : localhost:3306
Source Database       : boot_backend

Target Server Type    : MYSQL
Target Server Version : 50717
File Encoding         : 65001

Date: 2017-09-25 09:40:13
*/

SET FOREIGN_KEY_CHECKS=0;

-- ----------------------------
-- Table structure for articles
-- ----------------------------
DROP TABLE IF EXISTS `articles`;
CREATE TABLE `articles` (
  `id` int(11) NOT NULL AUTO_INCREMENT,
  `title` varchar(128) NOT NULL,
  `content` text NOT NULL,
  `status` tinyint(1) NOT NULL DEFAULT '1',
  `createTime` datetime NOT NULL,
  `updateTime` datetime NOT NULL,
  PRIMARY KEY (`id`)
) ENGINE=InnoDB DEFAULT CHARSET=utf8mb4;

-- ----------------------------
-- Records of articles
-- ----------------------------

-- ----------------------------
-- Table structure for file_info
-- ----------------------------
DROP TABLE IF EXISTS `file_info`;
CREATE TABLE `file_info` (
  `id` varchar(32) NOT NULL COMMENT '文件md5',
  `contentType` varchar(128) NOT NULL,
  `size` int(11) NOT NULL,
  `path` varchar(255) NOT NULL COMMENT '物理路径',
  `url` varchar(1024) NOT NULL,
  `type` int(1) NOT NULL,
  `createTime` datetime NOT NULL,
  `updateTime` datetime NOT NULL,
  PRIMARY KEY (`id`)
) ENGINE=InnoDB DEFAULT CHARSET=utf8mb4;

-- ----------------------------
-- Records of file_info
-- ----------------------------

-- ----------------------------
-- Table structure for sys_logs
-- ----------------------------
DROP TABLE IF EXISTS `sys_logs`;
CREATE TABLE `sys_logs` (
  `id` int(11) NOT NULL AUTO_INCREMENT,
  `userId` int(11) NOT NULL,
  `module` varchar(50) DEFAULT NULL COMMENT '模块名',
  `flag` tinyint(4) NOT NULL DEFAULT '1' COMMENT '成功失败',
  `remark` text COMMENT '备注',
  `createTime` datetime NOT NULL,
  PRIMARY KEY (`id`),
  KEY `userId` (`userId`),
  KEY `createTime` (`createTime`)
) ENGINE=InnoDB DEFAULT CHARSET=utf8mb4;

-- ----------------------------
-- Records of sys_logs
-- ----------------------------

-- ----------------------------
-- Table structure for sys_permission
-- ----------------------------
DROP TABLE IF EXISTS `sys_permission`;
CREATE TABLE `sys_permission` (
  `id` int(11) NOT NULL AUTO_INCREMENT,
  `parentId` int(11) NOT NULL,
  `name` varchar(50) NOT NULL,
  `css` varchar(30) DEFAULT NULL,
  `href` varchar(1000) DEFAULT NULL,
  `type` tinyint(1) NOT NULL,
  `permission` varchar(50) DEFAULT NULL,
  `sort` int(11) NOT NULL,
  PRIMARY KEY (`id`)
) ENGINE=InnoDB AUTO_INCREMENT=31 DEFAULT CHARSET=utf8mb4;

-- ----------------------------
-- Records of sys_permission
-- ----------------------------
INSERT INTO `sys_permission` VALUES ('1', '0', '用户管理', 'fa-users', 'pages/user/userList.html', '1', '', '1');
INSERT INTO `sys_permission` VALUES ('2', '1', '用户查询', 'fa-user', 'pages/user/userList.html', '1', '', '2');
INSERT INTO `sys_permission` VALUES ('3', '2', '查询', '', '', '2', 'sys:user:query', '100');
INSERT INTO `sys_permission` VALUES ('4', '2', '新增', '', '', '2', 'sys:user:add', '100');
INSERT INTO `sys_permission` VALUES ('6', '0', '修改密码', 'fa-pencil-square-o', 'pages/user/changePassword.html', '1', 'sys:user:password', '4');
INSERT INTO `sys_permission` VALUES ('7', '0', '系统设置', 'fa-gears', '', '1', '', '5');
INSERT INTO `sys_permission` VALUES ('8', '7', '菜单', 'fa-cog', 'pages/menu/menuList.html', '1', '', '6');
INSERT INTO `sys_permission` VALUES ('9', '8', '查询', '', '', '2', 'sys:menu:query', '100');
INSERT INTO `sys_permission` VALUES ('10', '8', '新增', '', '', '2', 'sys:menu:add', '100');
INSERT INTO `sys_permission` VALUES ('11', '8', '删除', '', '', '2', 'sys:menu:del', '100');
INSERT INTO `sys_permission` VALUES ('12', '7', '角色', 'fa-user-secret', 'pages/role/roleList.html', '1', '', '7');
INSERT INTO `sys_permission` VALUES ('13', '12', '查询', '', '', '2', 'sys:role:query', '100');
INSERT INTO `sys_permission` VALUES ('14', '12', '新增', '', '', '2', 'sys:role:add', '100');
INSERT INTO `sys_permission` VALUES ('15', '12', '删除', '', '', '2', 'sys:role:del', '100');
INSERT INTO `sys_permission` VALUES ('16', '0', '文件管理', 'fa-folder-open', 'pages/file/fileList.html', '1', '', '8');
INSERT INTO `sys_permission` VALUES ('17', '16', '查询', '', '', '2', 'sys:file:query', '100');
INSERT INTO `sys_permission` VALUES ('18', '16', '删除', '', '', '2', 'sys:file:del', '100');
INSERT INTO `sys_permission` VALUES ('19', '0', '数据源监控', 'fa-eye', 'druid/index.html', '1', '', '9');
INSERT INTO `sys_permission` VALUES ('20', '0', '接口swagger', 'fa-file-pdf-o', 'swagger-ui.html', '1', '', '10');
INSERT INTO `sys_permission` VALUES ('22', '0', '公告管理', 'fa-book', 'pages/article/articleList.html', '1', '', '12');
INSERT INTO `sys_permission` VALUES ('23', '22', '查询', '', '', '2', 'articles:query', '100');
INSERT INTO `sys_permission` VALUES ('24', '22', '添加', '', '', '2', 'articles:add', '100');
INSERT INTO `sys_permission` VALUES ('25', '22', '删除', '', '', '2', 'articles:del', '100');
INSERT INTO `sys_permission` VALUES ('26', '0', '日志查询', 'fa-reorder', 'pages/log/logList.html', '1', 'sys:log:query', '100');
INSERT INTO `sys_permission` VALUES ('27', '0', '邮件管理', 'fa-envelope', 'pages/mail/mailList.html', '1', '', '100');
INSERT INTO `sys_permission` VALUES ('28', '27', '发送邮件', '', '', '2', 'mail:send', '100');
INSERT INTO `sys_permission` VALUES ('29', '27', '查询', '', '', '2', 'mail:all:query', '100');

-- ----------------------------
-- Table structure for sys_role
-- ----------------------------
DROP TABLE IF EXISTS `sys_role`;
CREATE TABLE `sys_role` (
  `id` int(11) NOT NULL AUTO_INCREMENT,
  `name` varchar(50) NOT NULL,
  `description` varchar(100) DEFAULT NULL,
  `createTime` datetime NOT NULL,
  `updateTime` datetime NOT NULL,
  PRIMARY KEY (`id`),
  UNIQUE KEY `name` (`name`)
) ENGINE=InnoDB AUTO_INCREMENT=3 DEFAULT CHARSET=utf8mb4;

-- ----------------------------
-- Records of sys_role
-- ----------------------------
INSERT INTO `sys_role` VALUES ('1', 'ADMIN', '管理员', '2017-05-01 13:25:39', '2017-08-28 11:11:51');
INSERT INTO `sys_role` VALUES ('2', 'USER', '', '2017-08-01 21:47:31', '2017-08-01 21:47:31');

-- ----------------------------
-- Table structure for sys_role_permission
-- ----------------------------
DROP TABLE IF EXISTS `sys_role_permission`;
CREATE TABLE `sys_role_permission` (
  `roleId` int(11) NOT NULL,
  `permissionId` int(11) NOT NULL,
  PRIMARY KEY (`roleId`,`permissionId`)
) ENGINE=InnoDB DEFAULT CHARSET=utf8mb4;

-- ----------------------------
-- Records of sys_role_permission
-- ----------------------------
INSERT INTO `sys_role_permission` VALUES ('1', '1');
INSERT INTO `sys_role_permission` VALUES ('1', '2');
INSERT INTO `sys_role_permission` VALUES ('1', '3');
INSERT INTO `sys_role_permission` VALUES ('1', '4');
INSERT INTO `sys_role_permission` VALUES ('1', '6');
INSERT INTO `sys_role_permission` VALUES ('1', '7');
INSERT INTO `sys_role_permission` VALUES ('1', '8');
INSERT INTO `sys_role_permission` VALUES ('1', '9');
INSERT INTO `sys_role_permission` VALUES ('1', '10');
INSERT INTO `sys_role_permission` VALUES ('1', '11');
INSERT INTO `sys_role_permission` VALUES ('1', '12');
INSERT INTO `sys_role_permission` VALUES ('1', '13');
INSERT INTO `sys_role_permission` VALUES ('1', '14');
INSERT INTO `sys_role_permission` VALUES ('1', '15');
INSERT INTO `sys_role_permission` VALUES ('1', '16');
INSERT INTO `sys_role_permission` VALUES ('1', '17');
INSERT INTO `sys_role_permission` VALUES ('1', '18');
INSERT INTO `sys_role_permission` VALUES ('1', '19');
INSERT INTO `sys_role_permission` VALUES ('1', '20');
INSERT INTO `sys_role_permission` VALUES ('1', '22');
INSERT INTO `sys_role_permission` VALUES ('1', '23');
INSERT INTO `sys_role_permission` VALUES ('1', '24');
INSERT INTO `sys_role_permission` VALUES ('1', '25');
INSERT INTO `sys_role_permission` VALUES ('1', '26');
INSERT INTO `sys_role_permission` VALUES ('1', '27');
INSERT INTO `sys_role_permission` VALUES ('1', '28');
INSERT INTO `sys_role_permission` VALUES ('1', '29');
INSERT INTO `sys_role_permission` VALUES ('2', '1');
INSERT INTO `sys_role_permission` VALUES ('2', '2');
INSERT INTO `sys_role_permission` VALUES ('2', '3');
INSERT INTO `sys_role_permission` VALUES ('2', '4');
INSERT INTO `sys_role_permission` VALUES ('2', '6');
INSERT INTO `sys_role_permission` VALUES ('2', '7');
INSERT INTO `sys_role_permission` VALUES ('2', '8');
INSERT INTO `sys_role_permission` VALUES ('2', '9');
INSERT INTO `sys_role_permission` VALUES ('2', '10');
INSERT INTO `sys_role_permission` VALUES ('2', '11');
INSERT INTO `sys_role_permission` VALUES ('2', '12');
INSERT INTO `sys_role_permission` VALUES ('2', '13');
INSERT INTO `sys_role_permission` VALUES ('2', '14');
INSERT INTO `sys_role_permission` VALUES ('2', '15');
INSERT INTO `sys_role_permission` VALUES ('2', '16');
INSERT INTO `sys_role_permission` VALUES ('2', '17');
INSERT INTO `sys_role_permission` VALUES ('2', '18');
INSERT INTO `sys_role_permission` VALUES ('2', '19');
INSERT INTO `sys_role_permission` VALUES ('2', '20');
INSERT INTO `sys_role_permission` VALUES ('2', '22');
INSERT INTO `sys_role_permission` VALUES ('2', '23');
INSERT INTO `sys_role_permission` VALUES ('2', '24');
INSERT INTO `sys_role_permission` VALUES ('2', '25');

-- ----------------------------
-- Table structure for sys_role_user
-- ----------------------------
DROP TABLE IF EXISTS `sys_role_user`;
CREATE TABLE `sys_role_user` (
  `userId` int(11) NOT NULL,
  `roleId` int(11) NOT NULL,
  PRIMARY KEY (`userId`,`roleId`)
) ENGINE=InnoDB DEFAULT CHARSET=utf8mb4;

-- ----------------------------
-- Records of sys_role_user
-- ----------------------------
INSERT INTO `sys_role_user` VALUES ('1', '1');
INSERT INTO `sys_role_user` VALUES ('2', '2');

-- ----------------------------
-- Table structure for sys_user
-- ----------------------------
DROP TABLE IF EXISTS `sys_user`;
CREATE TABLE `sys_user` (
  `id` int(11) NOT NULL AUTO_INCREMENT,
  `username` varchar(50) NOT NULL,
  `password` varchar(32) NOT NULL,
  `salt` varchar(32) NOT NULL,
  `nickname` varchar(255) DEFAULT NULL,
  `headImgUrl` varchar(255) DEFAULT NULL,
  `phone` varchar(11) DEFAULT NULL,
  `telephone` varchar(30) DEFAULT NULL,
  `email` varchar(50) DEFAULT NULL,
  `birthday` date DEFAULT NULL,
  `sex` tinyint(1) DEFAULT NULL,
  `status` tinyint(1) NOT NULL DEFAULT '1',
  `createTime` datetime NOT NULL,
  `updateTime` datetime NOT NULL,
  PRIMARY KEY (`id`),
  UNIQUE KEY `username` (`username`)
) ENGINE=InnoDB AUTO_INCREMENT=3 DEFAULT CHARSET=utf8mb4;

-- ----------------------------
-- Records of sys_user
-- ----------------------------
INSERT INTO `sys_user` VALUES ('1', 'admin', '1015ed3b5f1345911198c995f9ad097e', '87e03afa1f0122531f729c9a7453f475', '管理员', null, '', '', '', '1998-07-01', '0', '1', '2017-04-10 15:21:38', '2017-07-06 09:20:19');
INSERT INTO `sys_user` VALUES ('2', 'user', '72c2e62dba72e5f178542313803f33d1', '143292269df8c63e2da1a9ba2aeff43c', '用户', null, '', '', '', null, '1', '1', '2017-08-01 21:47:18', '2017-08-01 21:47:18');

-- ----------------------------
-- Table structure for t_mail
-- ----------------------------
DROP TABLE IF EXISTS `t_mail`;
CREATE TABLE `t_mail` (
  `id` int(11) NOT NULL AUTO_INCREMENT,
  `userId` int(11) NOT NULL COMMENT '发送人',
  `subject` varchar(255) NOT NULL COMMENT '标题',
  `content` longtext NOT NULL COMMENT '正文',
  `createTime` datetime NOT NULL,
  `updateTime` datetime NOT NULL,
  PRIMARY KEY (`id`)
) ENGINE=InnoDB AUTO_INCREMENT=9 DEFAULT CHARSET=utf8mb4;

-- ----------------------------
-- Records of t_mail
-- ----------------------------

-- ----------------------------
-- Table structure for t_mail_to
-- ----------------------------
DROP TABLE IF EXISTS `t_mail_to`;
CREATE TABLE `t_mail_to` (
  `id` int(11) NOT NULL AUTO_INCREMENT,
  `mailId` int(11) NOT NULL,
  `toUser` varchar(128) NOT NULL,
  `status` tinyint(1) NOT NULL DEFAULT '1' COMMENT '1成功，0失败',
  PRIMARY KEY (`id`)
) ENGINE=InnoDB AUTO_INCREMENT=16 DEFAULT CHARSET=utf8mb4;

-- ----------------------------
-- Records of t_mail_to
-- ----------------------------
